CVE_SUC,NOM_SUC,CVE_ZONA,NOM_ZONA,CVE_COORD,NOM_COORD
1,SUC. JUAREZ.,4831,D DIV RB METRO SUR,5202,MS02 - CENTRO
2,SUC. PLAZA DORADA,9934,D DIV RB METRO NORTE,5209,MN09 - ECATEPEC
3,SUC. MERCED,4831,D DIV RB METRO SUR,5202,MS02 - CENTRO
5,SUC. XOCHIMILCO,4831,D DIV RB METRO SUR,5215,MS07 - XOCHIMILCO
6,SUC. DONCELES,4831,D DIV RB METRO SUR,5202,MS02 - CENTRO
7,SUC. PARQUES POLANCO,9934,D DIV RB METRO NORTE,9764,MN02 - REFORMA
9,SUC. TACUBAYA,4831,D DIV RB METRO SUR,5231,MS03 - FELIX CUEVAS
10,SUC. SAN COSME,9934,D DIV RB METRO NORTE,9764,MN02 - REFORMA
11,SUC. COYOACAN,4831,D DIV RB METRO SUR,5212,MS08 - COYOACAN
12,SUC. DOCTORES,4831,D DIV RB METRO SUR,5202,MS02 - CENTRO
13,SUC. TLALNEPANTLA,9934,D DIV RB METRO NORTE,5238,MN07 - CUAUTITLAN
14,SUC. TEXCOCO,9934,D DIV RB METRO NORTE,5209,MN09 - ECATEPEC
15,SUC. NARVARTE,4831,D DIV RB METRO SUR,5202,MS02 - CENTRO
16,SUC. MEDELLIN,9934,D DIV RB METRO NORTE,5224,MN05 - CONDESA ROMA
17,SUC. ZONA ROSA,9934,D DIV RB METRO NORTE,5224,MN05 - CONDESA ROMA
18,SUC. GUADALUPE,9934,D DIV RB METRO NORTE,5224,MN05 - CONDESA ROMA
19,SUC. POLANCO,9934,D DIV RB METRO NORTE,9764,MN02 - REFORMA
20,SUC. LAS AGUILAS,4831,D DIV RB METRO SUR,5230,MS01 - ALTAVISTA
21,SUC. NAUCALPAN,9934,D DIV RB METRO NORTE,5205,MN04 - SATELITE
22,SUC. NONOALCO,9934,D DIV RB METRO NORTE,5224,MN05 - CONDESA ROMA
23,SUC. LOMAS,9934,D DIV RB METRO NORTE,5235,MN03 - SANTA FE
24,SUC. ALAMOS,4831,D DIV RB METRO SUR,5202,MS02 - CENTRO
25,SUC. CUAJIMALPA,9934,D DIV RB METRO NORTE,5235,MN03 - SANTA FE
26,SUC. GUARDIOLA,4831,D DIV RB METRO SUR,5202,MS02 - CENTRO
27,SUC. VILLA,9934,D DIV RB METRO NORTE,5206,MN06 - LINDAVISTA
28,SUC. SAN ANGEL,4831,D DIV RB METRO SUR,5212,MS08 - COYOACAN
29,SUC. HUIPULCO,4831,D DIV RB METRO SUR,5214,MS05 - PEDREGAL
30,SUC. CHALCO,4831,D DIV RB METRO SUR,5213,MS09 - IZTAPALAPA
31,SUC. IZTAPALAPA,4831,D DIV RB METRO SUR,5212,MS08 - COYOACAN
32,SUC. PREMIER,4831,D DIV RB METRO SUR,5215,MS07 - XOCHIMILCO
34,SUC. VALLEJO,9934,D DIV RB METRO NORTE,5206,MN06 - LINDAVISTA
35,SUC. SANTA CLARA,9934,D DIV RB METRO NORTE,5209,MN09 - ECATEPEC
36,SUC. MIXCOAC,4831,D DIV RB METRO SUR,5230,MS01 - ALTAVISTA
38,SUC. PLAZA CANTIL,4831,D DIV RB METRO SUR,5215,MS07 - XOCHIMILCO
39,SUC. SAN JERONIMO,4831,D DIV RB METRO SUR,5230,MS01 - ALTAVISTA
40,SUC. LINDAVISTA,9934,D DIV RB METRO NORTE,5206,MN06 - LINDAVISTA
41,SUC. REFORMA,9934,D DIV RB METRO NORTE,9764,MN02 - REFORMA
42,SUC. AEROPUERTO SALA A,4831,D DIV RB METRO SUR,5226,MS10 - AEROPUERTO
44,SUC. INSURGENTES NAPOLES,4831,D DIV RB METRO SUR,5231,MS03 - FELIX CUEVAS
45,SUC. XALOSTOC,9934,D DIV RB METRO NORTE,5209,MN09 - ECATEPEC
47,SUC. ZARAGOZA,4831,D DIV RB METRO SUR,5226,MS10 - AEROPUERTO
48,SUC. CUAUTITLAN,9934,D DIV RB METRO NORTE,5238,MN07 - CUAUTITLAN
49,SUC. TENANCINGO,9934,D DIV RB METRO NORTE,5207,MN01 - TOLUCA
50,SUC. AZCAPOTZALCO,9934,D DIV RB METRO NORTE,5206,MN06 - LINDAVISTA
51,SUC. VALLE DORADO,9934,D DIV RB METRO NORTE,5238,MN07 - CUAUTITLAN
52,SUC. BOSQUES LOMAS,9934,D DIV RB METRO NORTE,5235,MN03 - SANTA FE
53,SUC. ATIZAPAN,9934,D DIV RB METRO NORTE,5238,MN07 - CUAUTITLAN
55,SUC. UNIVERSIDAD,4831,D DIV RB METRO SUR,5231,MS03 - FELIX CUEVAS
57,SUC. AXOMIATLA,4831,D DIV RB METRO SUR,5230,MS01 - ALTAVISTA
58,SUC. GUSTAVO BAZ,9934,D DIV RB METRO NORTE,5205,MN04 - SATELITE
59,SUC. PLAZA INN,4831,D DIV RB METRO SUR,5212,MS08 - COYOACAN
60,SUC. CENTRAL DE ABASTOS,4831,D DIV RB METRO SUR,5226,MS10 - AEROPUERTO
61,SUC. ISABEL LA CATOLICA,4831,D DIV RB METRO SUR,5202,MS02 - CENTRO
62,SUC. SUPREMA CORTE,4831,D DIV RB METRO SUR,5226,MS10 - AEROPUERTO
63,SUC. HOLBEIN,4831,D DIV RB METRO SUR,5231,MS03 - FELIX CUEVAS
65,SUC. MANUEL IZAGUIRRE,9934,D DIV RB METRO NORTE,5205,MN04 - SATELITE
67,SUC. COAPLAZA,4831,D DIV RB METRO SUR,5215,MS07 - XOCHIMILCO
68,SUC. VILLAS DE LA HACIENDA,9934,D DIV RB METRO NORTE,5238,MN07 - CUAUTITLAN
71,SUC. COPILCO,4831,D DIV RB METRO SUR,5214,MS05 - PEDREGAL
72,SUC. INTERLOMAS,9934,D DIV RB METRO NORTE,5235,MN03 - SANTA FE
73,SUC. PLAZA ZARAGOZA,4831,D DIV RB METRO SUR,5226,MS10 - AEROPUERTO
75,SUC.ACAPULCO COSTERA,9933,D DIV RB  SUR,5225,S08 - GUERRERO
76,SUC. ACAPULCO CENTRO,9933,D DIV RB  SUR,5225,S08 - GUERRERO
77,SUC. NUEVO LEON,9934,D DIV RB METRO NORTE,5224,MN05 - CONDESA ROMA
78,SUC. CIUDAD SAHAGUN,9934,D DIV RB CENTRO,5908,C06 - PACHUCA
79,SUC. BOULEVARD AEROPUERTO,4831,D DIV RB METRO SUR,5226,MS10 - AEROPUERTO
80,SUC. SANTIAGO TIANGUISTENCO,9934,D DIV RB METRO NORTE,5207,MN01 - TOLUCA
82,SUC. PACHUCA,9934,D DIV RB CENTRO,5908,C06 - PACHUCA
83,SUC. TOLUCA ISIDRO FABELA,9934,D DIV RB METRO NORTE,5207,MN01 - TOLUCA
84,SUC. TOLUCA VILLADA,9934,D DIV RB METRO NORTE,5207,MN01 - TOLUCA
85,SUC. CUERNAVACA  CENTRO,4831,D DIV RB METRO SUR,5814,MS06 - MORELOS
86,SUC. CUERNAVACA LA SELVA,4831,D DIV RB METRO SUR,5814,MS06 - MORELOS
88,SUC. CUAUTLA,4831,D DIV RB METRO SUR,5814,MS06 - MORELOS
90,SUC. VALLE DE ARAGON,9934,D DIV RB METRO NORTE,5209,MN09 - ECATEPEC
93,SUC. M.ANGEL DE QUEVEDO,4831,D DIV RB METRO SUR,5212,MS08 - COYOACAN
94,SUC. ZONA INDUSTRIAL,9934,D DIV RB METRO NORTE,5207,MN01 - TOLUCA
95,SUC.  PLAZA IZCALLI,9934,D DIV RB METRO NORTE,5238,MN07 - CUAUTITLAN
98,PALMAS PREMIER,9934,D DIV RB METRO NORTE,5235,MN03 - SANTA FE
99,SUC. TORRE HSBC,9934,D DIV RB METRO NORTE,9764,MN02 - REFORMA
100,SUC. OFICINA CENTRAL GUADALAJA,6150,D DIV RB OCCIDENTE,6049,O03 - GUADALAJARA
101,SUC. TIJUANA,6777,D DIV  RB NOROESTE,7489,NO02 - PACIFICO NORTE
104,SUC. PROVINCIAL,6150,D DIV RB OCCIDENTE,6056,O02 - GUADALAJARA
106,SUC. CHAPULTEPEC,6150,D DIV RB OCCIDENTE,6049,O03 - GUADALAJARA
107,SUC. MEXICALTZINGO,6150,D DIV RB OCCIDENTE,6056,O02 - GUADALAJARA
108,SUC. JESUS,6150,D DIV RB OCCIDENTE,6135,O01 - GUADALAJARA
109,SUC. HIGUERILLAS,6150,D DIV RB OCCIDENTE,6056,O02 - GUADALAJARA
112,SUC. SANTUARIO,6150,D DIV RB OCCIDENTE,6135,O01 - GUADALAJARA
115,SUC. SAN FELIPE,6150,D DIV RB OCCIDENTE,6056,O02 - GUADALAJARA
116,SUC. GONZALEZ GALLO,6150,D DIV RB OCCIDENTE,6056,O02 - GUADALAJARA
117,SUC. TOLSA,6150,D DIV RB OCCIDENTE,6056,O02 - GUADALAJARA
118,SUC. PZA. DEL SOL,6150,D DIV RB OCCIDENTE,6049,O03 - GUADALAJARA
119,SUC. TLAQUEPAQUE,6150,D DIV RB OCCIDENTE,6049,O03 - GUADALAJARA
120,SUC. PLAZA PATRIA,6150,D DIV RB OCCIDENTE,6049,O03 - GUADALAJARA
121,SUC. INDEPENDENCIA,6150,D DIV RB OCCIDENTE,6056,O02 - GUADALAJARA
122,SUC. FEDERALISMO,6150,D DIV RB OCCIDENTE,6056,O02 - GUADALAJARA
123,SUC. MACROPLAZA TIJUANA,6777,D DIV  RB NOROESTE,7402,NO01 - TIJUANA
126,SUC. PLAZA LAS TORRES,6150,D DIV RB OCCIDENTE,6049,O03 - GUADALAJARA
127,SUC. LAS PALMAS,6777,D DIV  RB NOROESTE,7402,NO01 - TIJUANA
129,SUC. MARIANO OTERO,6150,D DIV RB OCCIDENTE,6049,O03 - GUADALAJARA
130,SUC. OTAY,6777,D DIV  RB NOROESTE,7402,NO01 - TIJUANA
131,SUC. CACHO,6777,D DIV  RB NOROESTE,7489,NO02 - PACIFICO NORTE
132,SUC. PLAYAS,6777,D DIV  RB NOROESTE,7489,NO02 - PACIFICO NORTE
133,SUC. ROSARITO,6777,D DIV  RB NOROESTE,7489,NO02 - PACIFICO NORTE
134,SUC. JAUJA,6777,D DIV  RB NOROESTE,7402,NO01 - TIJUANA
135,SUC. RIO TIJUANA,6777,D DIV  RB NOROESTE,7402,NO01 - TIJUANA
136,SUC. TECATE,6777,D DIV  RB NOROESTE,7402,NO01 - TIJUANA
137,SUC. ENSENADA CENTRO,6777,D DIV  RB NOROESTE,7489,NO02 - PACIFICO NORTE
138,SUC. BAHIA,6777,D DIV  RB NOROESTE,7489,NO02 - PACIFICO NORTE
139,SUC. SAN QUINTIN,6777,D DIV  RB NOROESTE,7489,NO02 - PACIFICO NORTE
141,SUC. MADERO,6777,D DIV  RB NOROESTE,7611,NO03 - MEXICALI
144,SUC. ESTACION VICTORIA,6777,D DIV  RB NOROESTE,7611,NO03 - MEXICALI
145,SUC. JUSTO SIERRA,6777,D DIV  RB NOROESTE,7611,NO03 - MEXICALI
146,SUC. CD. MORELOS,6777,D DIV  RB NOROESTE,7611,NO03 - MEXICALI
147,SUC. SAN. L. RIO COLORADO,6777,D DIV  RB NOROESTE,7611,NO03 - MEXICALI
148,SUC. BENITO JUAREZ,6777,D DIV  RB NOROESTE,7611,NO03 - MEXICALI
149,SUC. CENTRO CIVICO,6777,D DIV  RB NOROESTE,7611,NO03 - MEXICALI
150,SUC. VADO DEL RIO,6777,D DIV  RB NOROESTE,7009,NO04 - HERMOSILLO
151,SUC. LAGOS DE MORENO,9931,D DIV RB CENTRO,6204,C01 - LEON
152,SUC. MANZANILLO,6150,D DIV RB OCCIDENTE,6044,O06 - COLIMA
153,SUC. CD. GUZMAN,6150,D DIV RB OCCIDENTE,6044,O06 - COLIMA
154,SUC. TEOCALTICHE,9931,D DIV RB CENTRO,6205,C02 - AGS ZAC
155,SUC. SAN JUAN DE LOS LAGOS,6150,D DIV RB OCCIDENTE,6053,O05 - ALTOS JALISCO
156,SUC. ENCARNACION,9931,D DIV RB CENTRO,6204,C01 - LEON
157,SUC. ZAPOTILTIC,6150,D DIV RB OCCIDENTE,6044,O06 - COLIMA
158,SUC. TEPATITLAN,6150,D DIV RB OCCIDENTE,6053,O05 - ALTOS JALISCO
159,SUC. AUTLAN SUC. ASIG.III,6150,D DIV RB OCCIDENTE,6044,O06 - COLIMA
160,SUC. LA BARCA,6150,D DIV RB OCCIDENTE,6053,O05 - ALTOS JALISCO
161,SUC. EL GRULLO,6150,D DIV RB OCCIDENTE,6044,O06 - COLIMA
162,SUC. ARANDAS,6150,D DIV RB OCCIDENTE,6053,O05 - ALTOS JALISCO
163,SUC. PUERTO VALLARTA,6150,D DIV RB OCCIDENTE,6050,O04 -GUADALAJARA
164,SUC. YAHUALICA,6150,D DIV RB OCCIDENTE,6053,O05 - ALTOS JALISCO
165,SUC. SAN JULIAN,6150,D DIV RB OCCIDENTE,6053,O05 - ALTOS JALISCO
166,SUC. SAN GABRIEL,6150,D DIV RB OCCIDENTE,6044,O06 - COLIMA
167,SUC. TONAYA,6150,D DIV RB OCCIDENTE,6044,O06 - COLIMA
169,SUC. LUIS ENCINAS,6777,D DIV  RB NOROESTE,7009,NO04 - HERMOSILLO
170,SUC. AYUTLA,6150,D DIV RB OCCIDENTE,6044,O06 - COLIMA
171,SUC. TEPIC CENTRO,6150,D DIV RB OCCIDENTE,6050,O04 -GUADALAJARA
172,SUC. COLIMA CENTRO,6150,D DIV RB OCCIDENTE,6044,O06 - COLIMA
174,SUC. TLAJOMULCO,6150,D DIV RB OCCIDENTE,6056,O02 - GUADALAJARA
175,SUC. ACATIC,6150,D DIV RB OCCIDENTE,6053,O05 - ALTOS JALISCO
176,SUC. IXTLAHUACAN,6150,D DIV RB OCCIDENTE,6053,O05 - ALTOS JALISCO
177,SUC. A. RODRIGUEZ,6777,D DIV  RB NOROESTE,7009,NO04 - HERMOSILLO
178,SUC. PALMA NOGALES,6777,D DIV  RB NOROESTE,7075,NO06 - NOGALES
180,SUC. CENTRO OBREGON,6777,D DIV  RB NOROESTE,7101,NO05 - CD OBREGON
181,SUC. CALIFORNIA,6777,D DIV  RB NOROESTE,7101,NO05 - CD OBREGON
182,SUC. MIGUEL ALEMAN,6777,D DIV  RB NOROESTE,7101,NO05 - CD OBREGON
183,SUC. VILLA CORONA,6150,D DIV RB OCCIDENTE,6053,O05 - ALTOS JALISCO
184,SUC. SANTIAGO COLIMA,6150,D DIV RB OCCIDENTE,6044,O06 - COLIMA
185,SUC. PARRAS,9932,D DIV RB NORTE,8727,N09 - TORREON
186,SUC. LAZARO CARDENAS,6150,D DIV RB OCCIDENTE,6526,O07 - MORELIA
187,SUC. GUAYMAS,6777,D DIV  RB NOROESTE,7101,NO05 - CD OBREGON
188,SUC. SAN FRANCISCO COLIMA,6150,D DIV RB OCCIDENTE,6044,O06 - COLIMA
189,SUC. HUATABAMPO,6777,D DIV  RB NOROESTE,7101,NO05 - CD OBREGON
191,SUC. AMECA,6150,D DIV RB OCCIDENTE,6053,O05 - ALTOS JALISCO
192,SUC. NAVOJOA,6777,D DIV  RB NOROESTE,7101,NO05 - CD OBREGON
193,SUC. LA PAZ CENTRO,6777,D DIV  RB NOROESTE,7213,NO07 - B.C.S
194,SUC. SAN AGUSTIN,9932,D DIV RB NORTE,8003,N02 - MONTERREY 2
195,SUC. ISABEL LA CATOLICA,6777,D DIV  RB NOROESTE,7213,NO07 - B.C.S
196,SUC. JUAREZ,9933,D DIV RB  SUR,5218,S01 - PUEBLA
197,SUC. LOS MOCHIS CENTRO,6777,D DIV  RB NOROESTE,7218,NO08 - SINALOA NORTE
198,SUC. LOS MOCHIS LEYVA,6777,D DIV  RB NOROESTE,7218,NO08 - SINALOA NORTE
199,SUC. GUASAVE,6777,D DIV  RB NOROESTE,7218,NO08 - SINALOA NORTE
203,SUC. CENTRO MAZATLAN,6777,D DIV  RB NOROESTE,7218,NO08 - SINALOA NORTE
204,SUC. MAZATLAN CARRASCO,6777,D DIV  RB NOROESTE,7218,NO08 - SINALOA NORTE
205,SUC. NUEVO CASAS GDS,6777,D DIV  RB NOROESTE,7815,NO12 - CD JUAREZ
206,SUC. 5 MAYO,6777,D DIV  RB NOROESTE,7815,NO12 - CD JUAREZ
209,SUC. FUTURAMA,6777,D DIV  RB NOROESTE,7815,NO12 - CD JUAREZ
210,SUC. JUAREZ PASEO,6777,D DIV  RB NOROESTE,7815,NO12 - CD JUAREZ
211,SUC.TECNOLOGICO,6777,D DIV  RB NOROESTE,7815,NO12 - CD JUAREZ
214,SUC. CUAUHTEMOC,6777,D DIV  RB NOROESTE,7701,NO10 - CHIHUAHUA CENTRO
216,SUC. PARRAL,6777,D DIV  RB NOROESTE,7701,NO10 - CHIHUAHUA CENTRO
218,SUC. UNIVERSIDAD,6777,D DIV  RB NOROESTE,7701,NO10 - CHIHUAHUA CENTRO
219,SUC. PERIFERICO,6777,D DIV  RB NOROESTE,7701,NO10 - CHIHUAHUA CENTRO
220,SUC. CENTRO DURANGO,9932,D DIV RB NORTE,7903,N11 - DURANGO
221,SUC. LORETO,9933,D DIV RB  SUR,5218,S01 - PUEBLA
222,SUC. ABASTOS DURANGO,9932,D DIV RB NORTE,7903,N11 - DURANGO
224,SUC. FUENTES BROTANTES,4831,D DIV RB METRO SUR,5214,MS05 - PEDREGAL
225,SUC. CENTRO EJECUTIVO TORREON,9932,D DIV RB NORTE,8727,N09 - TORREON
229,SUC. ABASTOS TORREON,9932,D DIV RB NORTE,8727,N09 - TORREON
230,SUC. GOMEZ PALACIO,9932,D DIV RB NORTE,8727,N09 - TORREON
231,SUC. FRANCISCO I. MADERO,9932,D DIV RB NORTE,8727,N09 - TORREON
233,SUC. STA. MA. ORO,9932,D DIV RB NORTE,7903,N11 - DURANGO
235,SUC. PARQUE INDUSTRIAL,9932,D DIV RB NORTE,8727,N09 - TORREON
237,SUC. OFICINA CENTRAL SALTILLO,9932,D DIV RB NORTE,8210,N10 - SALTILLO
238,SUC. RAMOS ARIZPE,9932,D DIV RB NORTE,8210,N10 - SALTILLO
239,SUC. ORIENTE,9932,D DIV RB NORTE,8210,N10 - SALTILLO
241,SUC. LOS GONZALEZ,9932,D DIV RB NORTE,8210,N10 - SALTILLO
242,SUC. V. CARRANZA,9932,D DIV RB NORTE,8210,N10 - SALTILLO
243,SUC. DE LA FUENTE,9932,D DIV RB NORTE,8210,N10 - SALTILLO
245,SUC. PIEDRAS NEGRAS,9932,D DIV RB NORTE,8712,N08 - NUEVO LAREDO
247,SUC. MONCLOVA BOULEVARD,9932,D DIV RB NORTE,8210,N10 - SALTILLO
248,SUC. OCAMPO,9932,D DIV RB NORTE,8011,N04 - MONTERREY 4
251,SUC. GUADALUPE,9932,D DIV RB NORTE,8150,N01 - MONTERREY 1
252,SUC. PLAZA FIESTA ANAHUAC,9932,D DIV RB NORTE,8039,N03 - MONTERREY 3
253,SUC. IND. NORTE,9932,D DIV RB NORTE,8150,N01 - MONTERREY 1
254,SUC. PADRE MIER,9932,D DIV RB NORTE,8011,N04 - MONTERREY 4
255,SUC. VALLE,9932,D DIV RB NORTE,8003,N02 - MONTERREY 2
256,SUC. ALLENDE,9932,D DIV RB NORTE,8011,N04 - MONTERREY 4
257,SUC. CENTRO MATAMOROS,9932,D DIV RB NORTE,8044,N07 - MATAMOROS-REYNOSA
258,SUC. SIMON BOLIVAR,9932,D DIV RB NORTE,8003,N02 - MONTERREY 2
259,SUC. EJERCITO,9931,D DIV RB CENTRO,6607,C03 - QUERETARO
260,SUC. RIO BRAVO,9932,D DIV RB NORTE,8044,N07 - MATAMOROS-REYNOSA
263,SUC. LAURO VILLAR,9932,D DIV RB NORTE,8044,N07 - MATAMOROS-REYNOSA
266,SUC. LAREDO,9932,D DIV RB NORTE,8712,N08 - NUEVO LAREDO
268,SUC. ADUANA,9932,D DIV RB NORTE,8712,N08 - NUEVO LAREDO
271,SUC. CD. VICTORIA,9932,D DIV RB  SUR,8619,S09 - TAMPICO-VICTORIA
272,SUC. CD. MADERO,9932,D DIV RB  SUR,8619,S09 - TAMPICO-VICTORIA
273,SUC. B. HIDALGO,9932,D DIV RB  SUR,8619,S09 - TAMPICO-VICTORIA
274,SUC. CENTRO LEON,9931,D DIV RB CENTRO,6204,C01 - LEON
275,SUC. URB. CENTRO,9931,D DIV RB CENTRO,6204,C01 - LEON
276,SUC. URBANA GALERIAS,9931,D DIV RB CENTRO,6204,C01 - LEON
277,SUC. V. CARRANZA,9931,D DIV RB CENTRO,6204,C01 - LEON
278,SUC. INSURGENTES,9931,D DIV RB CENTRO,6204,C01 - LEON
279,SUC. SAN FCO. DEL RINCON,9931,D DIV RB CENTRO,6204,C01 - LEON
280,SUC. GUANAJUATO,9931,D DIV RB CENTRO,6609,C04 - GUANAJUATO
281,SUC. SILAO,9931,D DIV RB CENTRO,6609,C04 - GUANAJUATO
282,SUC. IRAPUATO,9931,D DIV RB CENTRO,6609,C04 - GUANAJUATO
283,SUC. LA PASTORA,9932,D DIV RB NORTE,8011,N04 - MONTERREY 4
284,SUC. CENTRO AGUASCALIENTES,9931,D DIV RB CENTRO,6205,C02 - AGS ZAC
285,SUC. ZACATECAS.,9931,D DIV RB CENTRO,6205,C02 - AGS ZAC
286,SUC. AMRICAS,9931,D DIV RB CENTRO,6205,C02 - AGS ZAC
287,SUC. P SAN CARLOS,9931,D DIV RB CENTRO,6210,C05 - S.L.P
288,SUC. CENTRO SLP,9931,D DIV RB CENTRO,6210,C05 - S.L.P
290,SUC. PZA. ARBOLEDAS,6150,D DIV RB OCCIDENTE,6135,O01 - GUADALAJARA
291,SUC. LA PIEDAD,6150,D DIV RB OCCIDENTE,6053,O05 - ALTOS JALISCO
292,SUC. ZAMORA,6150,D DIV RB OCCIDENTE,6526,O07 - MORELIA
293,SUC. MORELIA,6150,D DIV RB OCCIDENTE,6526,O07 - MORELIA
294,SUC. URUAPAN,6150,D DIV RB OCCIDENTE,6526,O07 - MORELIA
296,SUC. SAHUAYO,6150,D DIV RB OCCIDENTE,6053,O05 - ALTOS JALISCO
297,SUC. LOS REYES,6150,D DIV RB OCCIDENTE,6526,O07 - MORELIA
298,SUC. ZITACUARO,9934,D DIV RB METRO NORTE,5207,MN01 - TOLUCA
300,SUC. MORELIA CHAPULTEPEC,6150,D DIV RB OCCIDENTE,6526,O07 - MORELIA
301,SUC. MORELIA GEMINIS,6150,D DIV RB OCCIDENTE,6526,O07 - MORELIA
302,SUC. CELAYA CENTRO,9931,D DIV RB CENTRO,6609,C04 - GUANAJUATO
303,SUC. ESTADIO,6150,D DIV RB OCCIDENTE,6135,O01 - GUADALAJARA
304,SUC. PLAZA DORADA,9931,D DIV RB CENTRO,6609,C04 - GUANAJUATO
305,SUC. LAS AGUILAS,6150,D DIV RB OCCIDENTE,6135,O01 - GUADALAJARA
306,SUC. CD. DEL CARMEN,9610,D DIV RB PENINSULAR,9308,P05 - PENINSULA
310,SUC. LA PAZ,9933,D DIV RB  SUR,5218,S01 - PUEBLA
313,SUC.REVOLUCION,9933,D DIV RB  SUR,5218,S01 - PUEBLA
314,SUC.LOS ANGELES,9933,D DIV RB  SUR,5218,S01 - PUEBLA
315,SUC. FINANZAS,9933,D DIV RB  SUR,5223,S02 - PUEBLA
316,SUC. SAN MANUEL,9933,D DIV RB  SUR,5223,S02 - PUEBLA
318,SUC. AEROPUERTO,6150,D DIV RB OCCIDENTE,6056,O02 - GUADALAJARA
319,SUC. IZUCAR MATAMOROS,9933,D DIV RB  SUR,5218,S01 - PUEBLA
320,SUC. TEHUACAN,9933,D DIV RB  SUR,5223,S02 - PUEBLA
321,SUC. HUAJUAPAN DE LEON,9933,D DIV RB  SUR,5815,S07 - OAXACA
322,SUC. LARA GRAJALES,9933,D DIV RB  SUR,5236,S03 - PUEBLA-TLAXCALA
324,SUC. SAN MARTIN TEX,9933,D DIV RB  SUR,5236,S03 - PUEBLA-TLAXCALA
325,SUC. ATLIXCO,9933,D DIV RB  SUR,5218,S01 - PUEBLA
327,SUC. HUAUCHINANGO PUEBLA,9933,D DIV RB  SUR,8611,S06 - POZA RICA
328,SUC. HUAMANTLA,9933,D DIV RB  SUR,5236,S03 - PUEBLA-TLAXCALA
329,SUC. TLAPA GUERRERO,9933,D DIV RB  SUR,5225,S08 - GUERRERO
330,SUC. APIZACO,9933,D DIV RB  SUR,5236,S03 - PUEBLA-TLAXCALA
331,SUC. LA CALMA,6150,D DIV RB OCCIDENTE,6135,O01 - GUADALAJARA
332,SUC. TLAXCALA,9933,D DIV RB  SUR,5236,S03 - PUEBLA-TLAXCALA
334,SUC. XALAPA CRYSTAL,9933,D DIV RB  SUR,8471,S04 - XALAPA
335,SUC. JALAPA URBANA,9933,D DIV RB  SUR,8471,S04 - XALAPA
336,SUC. OF. CENTRAL,9933,D DIV RB  SUR,5219,S05 - VERACRUZ
337,SUC. PLAZA MOCAMBO,9933,D DIV RB  SUR,5219,S05 - VERACRUZ
338,SUC. POZA RICA,9933,D DIV RB  SUR,8611,S06 - POZA RICA
341,SUC. CORDOBA,9933,D DIV RB  SUR,8471,S04 - XALAPA
342,SUC. TUXPAN,9933,D DIV RB  SUR,8611,S06 - POZA RICA
343,SUC. ORIZABA,9933,D DIV RB  SUR,8471,S04 - XALAPA
344,SUC. COATZACOLACOS,9933,D DIV RB  SUR,5219,S05 - VERACRUZ
345,SUC. MINATITLAN,9933,D DIV RB  SUR,5219,S05 - VERACRUZ
346,SUC. OFICINA CENTRAL VILLAHERM,9610,D DIV RB PENINSULAR,9000,P02 - TABASCO
347,SUC. ATASTA,9610,D DIV RB PENINSULAR,9000,P02 - TABASCO
348,SUC. CARDENAS,9610,D DIV RB PENINSULAR,9000,P02 - TABASCO
349,SUC. COMALCALCO,9610,D DIV RB PENINSULAR,9000,P02 - TABASCO
350,SUC. MENDEZ,9610,D DIV RB PENINSULAR,9000,P02 - TABASCO
351,SUC.TAMULTE,9610,D DIV RB PENINSULAR,9000,P02 - TABASCO
352,SUC. RUIZ CORTINEZ,9610,D DIV RB PENINSULAR,9000,P02 - TABASCO
353,SUC. OAXACA,9933,D DIV RB  SUR,5815,S07 - OAXACA
354,SUC. BALANCAN,9610,D DIV RB PENINSULAR,9000,P02 - TABASCO
355,SUC.FRONTERA,9610,D DIV RB PENINSULAR,9000,P02 - TABASCO
357,SUC. TEAPA,9610,D DIV RB PENINSULAR,9000,P02 - TABASCO
359,SUC. TUXTLA CENTRO,9610,D DIV RB PENINSULAR,9105,P03 - CHIAPAS
360,SUC. TAPACHULA CENTRO,9610,D DIV RB PENINSULAR,9105,P03 - CHIAPAS
362,SUC. ECHEGARAY,9934,D DIV RB METRO NORTE,5205,MN04 - SATELITE
364,SUC. PLAZA LOMAS,6150,D DIV RB OCCIDENTE,6056,O02 - GUADALAJARA
365,SUC.CHIAPA DE CORZO,9610,D DIV RB PENINSULAR,9105,P03 - CHIAPAS
366,SUC.URBANA BOULEVARD,9610,D DIV RB PENINSULAR,9105,P03 - CHIAPAS
367,SUC.SN.CRISTOBAL,9610,D DIV RB PENINSULAR,9105,P03 - CHIAPAS
369,SUC.CAMPECHE,9610,D DIV RB PENINSULAR,9308,P05 - PENINSULA
370,SUC. CENTRO QUERETARO,9931,D DIV RB CENTRO,6607,C03 - QUERETARO
371,SUC.SAN JUAN DEL RIO,9931,D DIV RB CENTRO,6607,C03 - QUERETARO
372,SUC.PLAZA LAS AMERICAS,9931,D DIV RB CENTRO,6607,C03 - QUERETARO
373,SUC.JURICA,9931,D DIV RB CENTRO,6607,C03 - QUERETARO
374,SUC.MONTEJO,9610,D DIV RB PENINSULAR,9217,P01 - MERIDA
375,SUC.SANTIAGO,9610,D DIV RB PENINSULAR,9308,P05 - PENINSULA
376,SUC.ITZIMNA,9610,D DIV RB PENINSULAR,9217,P01 - MERIDA
377,SUC.MERCADO,9610,D DIV RB PENINSULAR,9308,P05 - PENINSULA
378,SUC. CANCUN,9610,D DIV RB PENINSULAR,9236,P04 - CANCUN
379,SUC.CHETUMAL,9610,D DIV RB PENINSULAR,9308,P05 - PENINSULA
380,SUC.TIZIMIN,9610,D DIV RB PENINSULAR,9308,P05 - PENINSULA
387,SUC. VILLAS DE STO.DOMINGO,9932,D DIV RB NORTE,8039,N03 - MONTERREY 3
388,SUC. LA ROSITA,9932,D DIV RB NORTE,8727,N09 - TORREON
389,SUC.ZONA DORADA,6777,D DIV  RB NOROESTE,7218,NO08 - SINALOA NORTE
392,SUC.GALERIAS,9931,D DIV RB CENTRO,6609,C04 - GUANAJUATO
395,SUC.TECNOLOGICO,6777,D DIV  RB NOROESTE,7701,NO10 - CHIHUAHUA CENTRO
396,SUC. LAS CALIFORNIA,6777,D DIV  RB NOROESTE,7611,NO03 - MEXICALI
398,SUC. REVOLUCION SUR,9932,D DIV RB NORTE,8011,N04 - MONTERREY 4
400,SUC.JARDINES,9931,D DIV RB CENTRO,6607,C03 - QUERETARO
401,SUC.PLAZA CRYSTAL,9610,D DIV RB PENINSULAR,9105,P03 - CHIAPAS
402,SUC. LA FE,9932,D DIV RB NORTE,8150,N01 - MONTERREY 1
404,SUC.ABASTOS QUERETARO,9931,D DIV RB CENTRO,6607,C03 - QUERETARO
405,SUC. NUEVO MEXICALI,6777,D DIV  RB NOROESTE,7611,NO03 - MEXICALI
406,SUC.CENTRAL CAMIONERA,9933,D DIV RB  SUR,5223,S02 - PUEBLA
407,SUC. ZAVALETA,9933,D DIV RB  SUR,5218,S01 - PUEBLA
411,SUC. JULIAN DE OBREGON,9931,D DIV RB CENTRO,6204,C01 - LEON
414,SUC. ARBIDE,9931,D DIV RB CENTRO,6204,C01 - LEON
415,SUC.TORRES BRISAS,9932,D DIV RB NORTE,8011,N04 - MONTERREY 4
416,SUC.PLAZA CATEDRAL,9610,D DIV RB PENINSULAR,9000,P02 - TABASCO
417,SUC. PULGAS PANDAS,9931,D DIV RB CENTRO,6205,C02 - AGS ZAC
418,SUC.PLAZA DEL VALLE,9933,D DIV RB  SUR,5815,S07 - OAXACA
421,SUC.RUIZ CORTINES,9932,D DIV RB NORTE,8150,N01 - MONTERREY 1
422,SUC.EL LLANO,9933,D DIV RB  SUR,5815,S07 - OAXACA
423,SUC. PLAZA RELOJ,6777,D DIV  RB NOROESTE,7815,NO12 - CD JUAREZ
424,SUC. LOS ANGELES,9932,D DIV RB NORTE,8727,N09 - TORREON
425,SUC. TANGAMANGA,9931,D DIV RB CENTRO,6210,C05 - S.L.P
428,SUC. BOLIVAR,9933,D DIV RB  SUR,5219,S05 - VERACRUZ
430,SUC. PLAZA ECATEPEC,9934,D DIV RB METRO NORTE,5209,MN09 - ECATEPEC
431,SUC. MINIMAC,4831,D DIV RB METRO SUR,5226,MS10 - AEROPUERTO
433,SUC.CUITLAHUAC VALLEJO,9934,D DIV RB METRO NORTE,5206,MN06 - LINDAVISTA
434,SUC. LIVERPOOL,9934,D DIV RB METRO NORTE,5224,MN05 - CONDESA ROMA
435,SUC.VIVEROS DE LA LOMA,9934,D DIV RB METRO NORTE,5205,MN04 - SATELITE
437,SUC. XALAPA MUSEO,9933,D DIV RB  SUR,8471,S04 - XALAPA
440,SUC.CAFETALES,4831,D DIV RB METRO SUR,5215,MS07 - XOCHIMILCO
444,SUC. SANTO DOMINGO,9932,D DIV RB NORTE,8039,N03 - MONTERREY 3
446,SUC.RUIZ CORTINEZ,9933,D DIV RB  SUR,5219,S05 - VERACRUZ
449,SUC. PLAZA SUR,6150,D DIV RB OCCIDENTE,6056,O02 - GUADALAJARA
450,SUC.VOLKSWAGEN,9933,D DIV RB  SUR,5236,S03 - PUEBLA-TLAXCALA
452,SUC. VILLAFONTANA,6777,D DIV  RB NOROESTE,7611,NO03 - MEXICALI
454,SUC. CUMBRES PONIENTE,9932,D DIV RB NORTE,8003,N02 - MONTERREY 2
456,SUC. LAS ANIMAS,9933,D DIV RB  SUR,5218,S01 - PUEBLA
457,SUC. MIRAMAR,9932,D DIV RB  SUR,8619,S09 - TAMPICO-VICTORIA
458,SUC. TEPIC INSURGENTES,6150,D DIV RB OCCIDENTE,6050,O04 -GUADALAJARA
460,SUC. CUMBRES CENTRO,9932,D DIV RB NORTE,8003,N02 - MONTERREY 2
461,SUC. CD.SERDAN,9933,D DIV RB  SUR,5223,S02 - PUEBLA
462,SUC. TEPEACA,9933,D DIV RB  SUR,5223,S02 - PUEBLA
463,SUC.PLAZA SAN PEDRO,9933,D DIV RB  SUR,5223,S02 - PUEBLA
464,SUC. CHAPALITA,6150,D DIV RB OCCIDENTE,6135,O01 - GUADALAJARA
467,SUC. SAN JUAN BOSCO,6150,D DIV RB OCCIDENTE,6056,O02 - GUADALAJARA
470,SUC. PLAZA SAN XAVIER,9931,D DIV RB CENTRO,6210,C05 - S.L.P
471,SUC.CAMPESTRE,9931,D DIV RB CENTRO,6609,C04 - GUANAJUATO
473,SUC. 20 DE NOVIEMBRE,9932,D DIV RB NORTE,7903,N11 - DURANGO
474,SUC. PLAZA IMAGEN,9932,D DIV RB NORTE,8727,N09 - TORREON
477,SUC. STELITE,6777,D DIV  RB NOROESTE,7009,NO04 - HERMOSILLO
478,SUC. PLAZA MAYOR,9931,D DIV RB CENTRO,6204,C01 - LEON
479,SUC. JARDINES LINDA VISTA,9932,D DIV RB NORTE,8150,N01 - MONTERREY 1
480,SUC. NUEVA LINDAVISTA,9932,D DIV RB NORTE,8150,N01 - MONTERREY 1
482,SUC.LA MARGARITA,9933,D DIV RB  SUR,5223,S02 - PUEBLA
483,SUC. SAN ISIDRO (SALTILLO),9932,D DIV RB NORTE,8210,N10 - SALTILLO
485,SUC. PASEO URUAPAN,6150,D DIV RB OCCIDENTE,6526,O07 - MORELIA
488,SUC. SANTA MONICA,9934,D DIV RB METRO NORTE,5238,MN07 - CUAUTITLAN
492,SUC.EDUARDO MOLINA,9934,D DIV RB METRO NORTE,5206,MN06 - LINDAVISTA
493,SUC.RIO CHURUBUSCO,4831,D DIV RB METRO SUR,5226,MS10 - AEROPUERTO
494,SUC.CTRO.COMERCIAL SANTACRUZ,9934,D DIV RB METRO NORTE,5205,MN04 - SATELITE
496,SUC. DOMINGO DIEZ,4831,D DIV RB METRO SUR,5814,MS06 - MORELOS
497,SUC. ROSALES,9934,D DIV RB METRO NORTE,5224,MN05 - CONDESA ROMA
498,SUC.LUCAS ALAMAN,4831,D DIV RB METRO SUR,5202,MS02 - CENTRO
499,SUC. PERITLALPAN,4831,D DIV RB METRO SUR,5214,MS05 - PEDREGAL
501,SUC. JARDINES DE GUADALUPE,6150,D DIV RB OCCIDENTE,6049,O03 - GUADALAJARA
504,SUC. BELISARIO DOMINGUEZ,6150,D DIV RB OCCIDENTE,6135,O01 - GUADALAJARA
506,SUC. SAN PEDRO,4831,D DIV RB METRO SUR,5230,MS01 - ALTAVISTA
507,SUC.TECNOLOGICO,9932,D DIV RB NORTE,8011,N04 - MONTERREY 4
509,SUC. ACAPULCO DORADO,9933,D DIV RB  SUR,5225,S08 - GUERRERO
511,SUC. MAZARIK,9934,D DIV RB METRO NORTE,9764,MN02 - REFORMA
512,SUC.REVOLUCION,4831,D DIV RB METRO SUR,5212,MS08 - COYOACAN
513,SUC. BAHIA DE STA.BARBARA,9934,D DIV RB METRO NORTE,9764,MN02 - REFORMA
523,SUC. CENTRO SAN NICOLAS,9932,D DIV RB NORTE,8039,N03 - MONTERREY 3
524,SUC.SAN JUAN (TOLUCA),9934,D DIV RB METRO NORTE,5207,MN01 - TOLUCA
529,SUC. BOSQUES DEL VALLE,9932,D DIV RB NORTE,8003,N02 - MONTERREY 2
533,SUC. STA.CATARINA,9932,D DIV RB NORTE,8003,N02 - MONTERREY 2
537,SUC. FELIX CUEVAS,4831,D DIV RB METRO SUR,5231,MS03 - FELIX CUEVAS
538,SUC. LOS ARCOS,9932,D DIV RB  SUR,8619,S09 - TAMPICO-VICTORIA
542,SUC. BOUTURINI,4831,D DIV RB METRO SUR,5202,MS02 - CENTRO
543,SUC. HERRADURA,9934,D DIV RB METRO NORTE,5235,MN03 - SANTA FE
544,SUC. TULANCINGO,9934,D DIV RB CENTRO,5908,C06 - PACHUCA
547,SUC.TAXQUENA,4831,D DIV RB METRO SUR,5212,MS08 - COYOACAN
548,SUC. COLINAS DEL SUR,4831,D DIV RB METRO SUR,5230,MS01 - ALTAVISTA
551,SUC. TEZOZOMOC,9934,D DIV RB METRO NORTE,5206,MN06 - LINDAVISTA
556,SUC. PEDREPLAZA,4831,D DIV RB METRO SUR,5214,MS05 - PEDREGAL
558,SUC. DEL VALLE,4831,D DIV RB METRO SUR,5231,MS03 - FELIX CUEVAS
559,SUC. LUIS CABRERA,4831,D DIV RB METRO SUR,5214,MS05 - PEDREGAL
560,SUC. GLORIETA COLON (TOLUCA),9934,D DIV RB METRO NORTE,5207,MN01 - TOLUCA
561,SUC. DESIERTO DE LOS LEONES,4831,D DIV RB METRO SUR,5230,MS01 - ALTAVISTA
563,SUC. PLAZA SUR,4831,D DIV RB METRO SUR,5214,MS05 - PEDREGAL
565,SUC.INDUSTRIAL VALLEJO,9934,D DIV RB METRO NORTE,5206,MN06 - LINDAVISTA
566,SUC. PANTITLAN,4831,D DIV RB METRO SUR,5213,MS09 - IZTAPALAPA
567,SUC. PLAZA JARDN,4831,D DIV RB METRO SUR,5213,MS09 - IZTAPALAPA
569,SUC. GLORIETA RIVIERA,4831,D DIV RB METRO SUR,5231,MS03 - FELIX CUEVAS
570,SUC. PENA POBRE,4831,D DIV RB METRO SUR,5214,MS05 - PEDREGAL
571,SUC. EJE CENTRAL,4831,D DIV RB METRO SUR,5231,MS03 - FELIX CUEVAS
573,SUC. IXTAPALUCA,4831,D DIV RB METRO SUR,5213,MS09 - IZTAPALAPA
574,SUC. PLAZA LA MORENA,9934,D DIV RB METRO NORTE,5209,MN09 - ECATEPEC
576,SUC. PLAZA ESTRELLA,4831,D DIV RB METRO SUR,5215,MS07 - XOCHIMILCO
577,SUC. PLAZA JARDINES,9934,D DIV RB METRO NORTE,5209,MN09 - ECATEPEC
580,SUC. SANTA TERESA,4831,D DIV RB METRO SUR,5214,MS05 - PEDREGAL
581,SUC. TEQUESQUINAHUAC,9934,D DIV RB METRO NORTE,5238,MN07 - CUAUTITLAN
584,SUC. PLAZA LAS AGUILAS,4831,D DIV RB METRO SUR,5230,MS01 - ALTAVISTA
585,SUC. CANAL DEL NORTE,9934,D DIV RB METRO NORTE,5224,MN05 - CONDESA ROMA
586,SUC. BOSQUES DE ARAGON,4831,D DIV RB METRO SUR,5226,MS10 - AEROPUERTO
587,SUC. JARDINES DE SAN MATEO,9934,D DIV RB METRO NORTE,5205,MN04 - SATELITE
588,SUC. CHAPULTEPEC,4831,D DIV RB METRO SUR,5202,MS02 - CENTRO
590,SUC. REHILETE IZCALLI,9934,D DIV RB METRO NORTE,5238,MN07 - CUAUTITLAN
592,SUC. PLAZA LAS ROSAS,4831,D DIV RB METRO SUR,5230,MS01 - ALTAVISTA
594,SUC. CONDESA,9934,D DIV RB METRO NORTE,5224,MN05 - CONDESA ROMA
596,SUC. LA NORIA,4831,D DIV RB METRO SUR,5215,MS07 - XOCHIMILCO
597,SUC. HOSPITAL ANGELES,4831,D DIV RB METRO SUR,5214,MS05 - PEDREGAL
598,SUC. ACOXPA,4831,D DIV RB METRO SUR,5215,MS07 - XOCHIMILCO
599,SUC. FRAY SERVANDO,4831,D DIV RB METRO SUR,5226,MS10 - AEROPUERTO
600,SUC. TULTITLAN,9934,D DIV RB METRO NORTE,5238,MN07 - CUAUTITLAN
602,SUC. ACUEDUCTO DE GUADALUPE,9934,D DIV RB METRO NORTE,5209,MN09 - ECATEPEC
606,SUC. GRANJAS SAN ANTONIO,4831,D DIV RB METRO SUR,5213,MS09 - IZTAPALAPA
610,SUC. GRAN SUR,4831,D DIV RB METRO SUR,5214,MS05 - PEDREGAL
628,SUC. PLAZA MANANTIALES,4831,D DIV RB METRO SUR,5215,MS07 - XOCHIMILCO
630,SUC. PLUTARCO ELIAS CALLES,4831,D DIV RB METRO SUR,5231,MS03 - FELIX CUEVAS
633,SUC. SAN DIEGO (CUERNAVACA),4831,D DIV RB METRO SUR,5814,MS06 - MORELOS
637,SUC. SAN CARLOS,9934,D DIV RB METRO NORTE,5207,MN01 - TOLUCA
639,SUC. TEPEYAC,9934,D DIV RB METRO NORTE,5224,MN05 - CONDESA ROMA
641,SUC. AVIACION CIVIL,4831,D DIV RB METRO SUR,5226,MS10 - AEROPUERTO
642,SUC. EJERCITO NACIONAL,9934,D DIV RB METRO NORTE,9764,MN02 - REFORMA
643,SUC. GALERIAS COAPA,4831,D DIV RB METRO SUR,5215,MS07 - XOCHIMILCO
647,SUC. CENTRUM 2000,9934,D DIV RB METRO NORTE,5205,MN04 - SATELITE
649,SUC. LAS ARMAS,9934,D DIV RB METRO NORTE,5206,MN06 - LINDAVISTA
651,SUC. PABELLON POLANCO,9934,D DIV RB METRO NORTE,9764,MN02 - REFORMA
652,SUC. MONTERREY,4831,D DIV RB METRO SUR,5231,MS03 - FELIX CUEVAS
653,SUC. INDUSTRIAL TLANEPANTLA,9934,D DIV RB METRO NORTE,5238,MN07 - CUAUTITLAN
654,SUC. GRAN PLAZA,9610,D DIV RB PENINSULAR,9217,P01 - MERIDA
655,SUC. PLAZA FIESTA,9610,D DIV RB PENINSULAR,9217,P01 - MERIDA
658,SUC. CAMPESTRE,6777,D DIV  RB NOROESTE,7402,NO01 - TIJUANA
659,SUC. CUCAPAH,6777,D DIV  RB NOROESTE,7402,NO01 - TIJUANA
670,SUC. PLAZA SANTA MARIA,9932,D DIV RB NORTE,8150,N01 - MONTERREY 1
675,SUC. POZA RICA BOULEVARD,9933,D DIV RB  SUR,8611,S06 - POZA RICA
681,SUC.JUAREZ (MAZATLAN),6777,D DIV  RB NOROESTE,7218,NO08 - SINALOA NORTE
682,SUC. PERIMETRAL HERMOSILLO,6777,D DIV  RB NOROESTE,7009,NO04 - HERMOSILLO
686,SUC. MEDICA SUR,4831,D DIV RB METRO SUR,5214,MS05 - PEDREGAL
687,SUC. FUENTES DE SATELITE,9934,D DIV RB METRO NORTE,5205,MN04 - SATELITE
690,SUC. AVANTE,4831,D DIV RB METRO SUR,5215,MS07 - XOCHIMILCO
693,SUC. MERCADO DEL MAR,6150,D DIV RB OCCIDENTE,6135,O01 - GUADALAJARA
695,SUC. ATEMAJAC,6150,D DIV RB OCCIDENTE,6135,O01 - GUADALAJARA
700,SUC. COSTERA PUERTO VALLARTA,6150,D DIV RB OCCIDENTE,6050,O04 -GUADALAJARA
701,SUC. TONALA,6150,D DIV RB OCCIDENTE,6056,O02 - GUADALAJARA
702,SUC. LA HUERTA,6150,D DIV RB OCCIDENTE,6526,O07 - MORELIA
704,SUC. CAMPESTRE,6150,D DIV RB OCCIDENTE,6526,O07 - MORELIA
705,SUC. DEL VALLE,9931,D DIV RB CENTRO,6205,C02 - AGS ZAC
709,SUC. UNIVERSIDAD AGUASCALIENTE,9931,D DIV RB CENTRO,6205,C02 - AGS ZAC
710,SUC. COLOSIO,9931,D DIV RB CENTRO,6205,C02 - AGS ZAC
714,SUC. CONCENTRO,6150,D DIV RB OCCIDENTE,6135,O01 - GUADALAJARA
715,SUC. ESCOBEDO,9932,D DIV RB NORTE,8039,N03 - MONTERREY 3
718,SUC.  LA RAZA,6777,D DIV  RB NOROESTE,7815,NO12 - CD JUAREZ
721,SUC. ZONA DORADA,6777,D DIV  RB NOROESTE,7701,NO10 - CHIHUAHUA CENTRO
723,SUC. PLAZA TUTULI,6777,D DIV  RB NOROESTE,7101,NO05 - CD OBREGON
725,SUC. IXTAPA,9933,D DIV RB  SUR,5225,S08 - GUERRERO
729,SUC. SAN MIGUEL,9932,D DIV RB NORTE,8150,N01 - MONTERREY 1
730,SUC. MERCADO ESTRELLA,9932,D DIV RB NORTE,8150,N01 - MONTERREY 1
737,SUC. ARISTOTELES,9934,D DIV RB METRO NORTE,9764,MN02 - REFORMA
738,SUC. PLAZA CUICUILCO,4831,D DIV RB METRO SUR,5214,MS05 - PEDREGAL
741,SUC. SANTA MARIA AZTAHUACAN,4831,D DIV RB METRO SUR,5213,MS09 - IZTAPALAPA
742,SUC. MADERO ( PONIENTE ),6150,D DIV RB OCCIDENTE,6526,O07 - MORELIA
743,SUC. PLAZA VALLE,6777,D DIV  RB NOROESTE,7101,NO05 - CD OBREGON
744,SUC. CAMPESTRE,6777,D DIV  RB NOROESTE,7815,NO12 - CD JUAREZ
747,SUC. AMERICAS,6777,D DIV  RB NOROESTE,7701,NO10 - CHIHUAHUA CENTRO
750,SUC. PLAZA QUINTAS,6777,D DIV  RB NOROESTE,7701,NO10 - CHIHUAHUA CENTRO
754,SUC. EXPO,9932,D DIV RB NORTE,8150,N01 - MONTERREY 1
756,SUC. OCAMPO,6777,D DIV  RB NOROESTE,7701,NO10 - CHIHUAHUA CENTRO
757,SUC. TLATILCO,9934,D DIV RB METRO NORTE,5206,MN06 - LINDAVISTA
761,SUC. CORDOBA,9934,D DIV RB METRO NORTE,5224,MN05 - CONDESA ROMA
763,SUC. PLAZA LILAS,9934,D DIV RB METRO NORTE,5235,MN03 - SANTA FE
764,SUC. ATLACOMULCO,9934,D DIV RB METRO NORTE,5207,MN01 - TOLUCA
767,SUC. PROGRESO,9610,D DIV RB PENINSULAR,9308,P05 - PENINSULA
768,SUC. UNIVERSIDAD (VLLA),9610,D DIV RB PENINSULAR,9000,P02 - TABASCO
772,SUC. REHILETE NAUCALLI,9934,D DIV RB METRO NORTE,5205,MN04 - SATELITE
776,SUC. OTUMBA,9934,D DIV RB CENTRO,5908,C06 - PACHUCA
779,SUC. BUGAMBILIAS,9933,D DIV RB  SUR,5223,S02 - PUEBLA
781,SUC. ZONA NORTE,9933,D DIV RB  SUR,5219,S05 - VERACRUZ
783,SUC. 783 PLAZA CRYSTAL,9933,D DIV RB  SUR,5223,S02 - PUEBLA
785,SUC. AMALUCAN,9933,D DIV RB  SUR,5223,S02 - PUEBLA
786,SUC. CHIPILO,9933,D DIV RB  SUR,5218,S01 - PUEBLA
788,SUC. SORIANA (RIO),9932,D DIV RB NORTE,8044,N07 - MATAMOROS-REYNOSA
790,SUC. PESQUEIRA,6777,D DIV  RB NOROESTE,7101,NO05 - CD OBREGON
800,SUC. ALVARO OBREGON,9932,D DIV RB NORTE,8712,N08 - NUEVO LAREDO
808,SUC. SABINAS,9932,D DIV RB NORTE,8712,N08 - NUEVO LAREDO
809,SUC. PASEO DEL TEC,9932,D DIV RB NORTE,8727,N09 - TORREON
810,SUC. COLON,9932,D DIV RB NORTE,8727,N09 - TORREON
811,SUC. PLAZA CUATRO CAMINOS,9932,D DIV RB NORTE,8727,N09 - TORREON
813,SUC. MELCHOR OCAMPO,6150,D DIV RB OCCIDENTE,6526,O07 - MORELIA
815,SUC. PLAZA BOULEVARES,9931,D DIV RB CENTRO,6607,C03 - QUERETARO
821,SUC. BOULEVARD (TEPIC),6150,D DIV RB OCCIDENTE,6050,O04 -GUADALAJARA
822,SUC. VILLA ALVAREZ,6150,D DIV RB OCCIDENTE,6044,O06 - COLIMA
823,SUC. PATZCUARO,6150,D DIV RB OCCIDENTE,6526,O07 - MORELIA
824,SUC. PLAZA ZAPOTLAN,6150,D DIV RB OCCIDENTE,6044,O06 - COLIMA
825,SUC. PLAZA FIESTA,9931,D DIV RB CENTRO,6609,C04 - GUANAJUATO
826,SUC. PLAZA GALERIAS DEL PARQUE,9931,D DIV RB CENTRO,6205,C02 - AGS ZAC
827,SUC. SAN MIGUEL DE ALLENDE,9931,D DIV RB CENTRO,6210,C05 - S.L.P
835,SUC. PLAZA DE LA CONSTITUCION,4831,D DIV RB METRO SUR,5202,MS02 - CENTRO
845,SUC. ARTESANOS,9934,D DIV RB METRO NORTE,5224,MN05 - CONDESA ROMA
852,SUC. RETIRO,9610,D DIV RB PENINSULAR,9105,P03 - CHIAPAS
853,SUC. MERCADO,9610,D DIV RB PENINSULAR,9105,P03 - CHIAPAS
855,SUC. REFORMA (NVO. LAREDO),9932,D DIV RB NORTE,8712,N08 - NUEVO LAREDO
856,SUC. LOPEZ MATEOS,9932,D DIV RB NORTE,8712,N08 - NUEVO LAREDO
859,SUC. LOMAS DEL PARQUE,9932,D DIV RB NORTE,7903,N11 - DURANGO
863,SUC. JUAN ESCUTIA,6150,D DIV RB OCCIDENTE,6050,O04 -GUADALAJARA
866,SUC. GRANADITAS,9931,D DIV RB CENTRO,6609,C04 - GUANAJUATO
869,SUC. CAMPESTRE HIDALGO,9931,D DIV RB CENTRO,6204,C01 - LEON
871,SUC. ROSALES LOS MOCHIS,6777,D DIV  RB NOROESTE,7218,NO08 - SINALOA NORTE
872,SUC. EJERCITO NACIONAL,6777,D DIV  RB NOROESTE,7815,NO12 - CD JUAREZ
875,SUC. MACROPLAZA DEL MAR,6777,D DIV  RB NOROESTE,7489,NO02 - PACIFICO NORTE
876,SUC. PASEO DE LA SIERRA,9610,D DIV RB PENINSULAR,9000,P02 - TABASCO
878,SUC. TEZIUTLAN,9933,D DIV RB  SUR,8611,S06 - POZA RICA
879,SUC. ZINAPECUARO,6150,D DIV RB OCCIDENTE,6526,O07 - MORELIA
880,SUC. MACUSPANA,9610,D DIV RB PENINSULAR,9000,P02 - TABASCO
882,SUC. MANTE,9932,D DIV RB  SUR,8619,S09 - TAMPICO-VICTORIA
894,SUC. LA FE (GONZALEZ),9932,D DIV RB NORTE,8712,N08 - NUEVO LAREDO
895,SUC. PLAZA DORADA,9610,D DIV RB PENINSULAR,9217,P01 - MERIDA
896,SUC. LOS PINOS,6777,D DIV  RB NOROESTE,7402,NO01 - TIJUANA
901,SUC. COACALCO,9934,D DIV RB METRO NORTE,5209,MN09 - ECATEPEC
902,SUC. VILLAS LA HACIENDA,9610,D DIV RB PENINSULAR,9217,P01 - MERIDA
903,SUC. ALEMAN,9610,D DIV RB PENINSULAR,9217,P01 - MERIDA
910,SUC. TORRES LINDAVISTA,9934,D DIV RB METRO NORTE,5206,MN06 - LINDAVISTA
911,SUC. AV. TOLUCA,4831,D DIV RB METRO SUR,5230,MS01 - ALTAVISTA
913,SUC. PATRIOTISMO EXTREMADURA,4831,D DIV RB METRO SUR,5230,MS01 - ALTAVISTA
918,SUC. SEGMENTO PUEBLA SUR,9933,D DIV RB  SUR,5218,S01 - PUEBLA
920,SUC. ZAPOTITLAN,4831,D DIV RB METRO SUR,5215,MS07 - XOCHIMILCO
923,SUC. JARDINADAS,6150,D DIV RB OCCIDENTE,6526,O07 - MORELIA
927,SUC. CENTENARIO,6777,D DIV  RB NOROESTE,7009,NO04 - HERMOSILLO
928,SUC. MITRAS CENTRO,9932,D DIV RB NORTE,8039,N03 - MONTERREY 3
933,SUC. TEJEDA,9931,D DIV RB CENTRO,6607,C03 - QUERETARO
934,SUC. FRESNILLO,9931,D DIV RB CENTRO,6205,C02 - AGS ZAC
935,SUC. PLAZA EL VIGIA,6777,D DIV  RB NOROESTE,7101,NO05 - CD OBREGON
940,SUC. AEROPUERTO VALLARTA,6150,D DIV RB OCCIDENTE,6050,O04 -GUADALAJARA
948,SUC. NEXTENGO,9934,D DIV RB METRO NORTE,5206,MN06 - LINDAVISTA
949,SUC. CENTRO SANTA FE,9934,D DIV RB METRO NORTE,5235,MN03 - SANTA FE
952,SUC. PLAZA TLAHUAC,4831,D DIV RB METRO SUR,5215,MS07 - XOCHIMILCO
955,SUC. LEY GUASAVE,6777,D DIV  RB NOROESTE,7218,NO08 - SINALOA NORTE
957,SUC. SORIANA TAMPICO EJERCITO,9932,D DIV RB  SUR,8619,S09 - TAMPICO-VICTORIA
959,SUC. PARQUE TEZONTLE,4831,D DIV RB METRO SUR,5226,MS10 - AEROPUERTO
962,SUC. PLAZA TAXCO,9933,D DIV RB  SUR,5225,S08 - GUERRERO
964,SUC. REFORMA CUAUTLA,4831,D DIV RB METRO SUR,5814,MS06 - MORELOS
965,SUC. EMILIANO ZAPATA,4831,D DIV RB METRO SUR,5814,MS06 - MORELOS
969,SUC. PLAZA BONITA,9610,D DIV RB PENINSULAR,9236,P04 - CANCUN
972,SUC. MARIANO ESCOBEDO,9931,D DIV RB CENTRO,6204,C01 - LEON
976,SUC. LOS CABOS,6777,D DIV  RB NOROESTE,7213,NO07 - B.C.S
981,SUC. EMILIANO ZAPATA,9610,D DIV RB PENINSULAR,9000,P02 - TABASCO
982,SUC. ZONA AZUL,9934,D DIV RB METRO NORTE,5205,MN04 - SATELITE
988,SUC. LA VIGA,4831,D DIV RB METRO SUR,5231,MS03 - FELIX CUEVAS
997,SUC. CONSEJO DE LA JUDICATURA,4831,D DIV RB METRO SUR,5230,MS01 - ALTAVISTA
1006,SUC. SECODAM,4831,D DIV RB METRO SUR,5212,MS08 - COYOACAN
1022,SUC. LAS PALMAS,4831,D DIV RB METRO SUR,5814,MS06 - MORELOS
1026,SUC. EL CERCADO,9932,D DIV RB NORTE,8011,N04 - MONTERREY 4
1028,SUC. CD. NAZAS,9932,D DIV RB NORTE,7903,N11 - DURANGO
1037,SUC. BOULEVARD,6777,D DIV  RB NOROESTE,7701,NO10 - CHIHUAHUA CENTRO
1040,SUC. CORDOBA MERCADO,9933,D DIV RB  SUR,8471,S04 - XALAPA
1043,SUC. TICOMAN,9934,D DIV RB METRO NORTE,5206,MN06 - LINDAVISTA
1047,SUC. INSURGENTES NORTE,9934,D DIV RB METRO NORTE,5224,MN05 - CONDESA ROMA
1056,SUC. PLAZA GUADALUPE,6150,D DIV RB OCCIDENTE,6135,O01 - GUADALAJARA
1066,SUC. RIO DE LOS REMEDIOS,9934,D DIV RB METRO NORTE,5209,MN09 - ECATEPEC
1077,SUC. CENTRO HERMOSILLO,6777,D DIV  RB NOROESTE,7009,NO04 - HERMOSILLO
1088,SUC. HIPERMART SAN NICOLAS,9932,D DIV RB NORTE,8039,N03 - MONTERREY 3
1096,SUC. RECREO VIGA,4831,D DIV RB METRO SUR,5231,MS03 - FELIX CUEVAS
1100,SUC. AMERICAS OBSERVATORIO,9934,D DIV RB METRO NORTE,5224,MN05 - CONDESA ROMA
1104,SUC. CONSTITUCION DEL 17,4831,D DIV RB METRO SUR,5213,MS09 - IZTAPALAPA
1106,SUC. TEOTIHUACAN,9934,D DIV RB CENTRO,5908,C06 - PACHUCA
1108,SUC. HUEXOTITLA,9933,D DIV RB  SUR,5223,S02 - PUEBLA
1120,SUC. 5 DE MAYO,9933,D DIV RB  SUR,5219,S05 - VERACRUZ
1124,SUC. JUXTLAHUACA,9933,D DIV RB  SUR,5815,S07 - OAXACA
1126,SUC. HOME MART PERINORTE,9934,D DIV RB METRO NORTE,5238,MN07 - CUAUTITLAN
1132,SUC. HIPERMART DELICIAS,6777,D DIV  RB NOROESTE,7701,NO10 - CHIHUAHUA CENTRO
1134,SUC. TORRE HAKIM,9933,D DIV RB  SUR,8471,S04 - XALAPA
1137,SUC. H.E.B.,9932,D DIV RB NORTE,8003,N02 - MONTERREY 2
1143,SUC. P.J.F. AMERICAS,6150,D DIV RB OCCIDENTE,6135,O01 - GUADALAJARA
1145,SUC. LA FUENTE INSURGENTES,9934,D DIV RB CENTRO,5908,C06 - PACHUCA
1148,SUC. PABELLON BOSQUES,9934,D DIV RB METRO NORTE,5235,MN03 - SANTA FE
1150,SUC. LAS FLORES,9934,D DIV RB METRO NORTE,5207,MN01 - TOLUCA
1151,SUC. PLAZA SAN BUENAVENTURA,9934,D DIV RB METRO NORTE,5207,MN01 - TOLUCA
1153,SUC. LOMAS VERDES,9934,D DIV RB METRO NORTE,5205,MN04 - SATELITE
1154,SUC. ORIZABA VALLE,9933,D DIV RB  SUR,8471,S04 - XALAPA
1156,SUC. AGUA AZUL NEZA,4831,D DIV RB METRO SUR,5213,MS09 - IZTAPALAPA
1157,SUC. TIZAPAN SAN ANGEL,4831,D DIV RB METRO SUR,5230,MS01 - ALTAVISTA
1158,SUC. NUEVA CORREGIDORA,9933,D DIV RB  SUR,5225,S08 - GUERRERO
1161,SUC. ARAGON TALISMAN,4831,D DIV RB METRO SUR,5226,MS10 - AEROPUERTO
1185,SUC. MORELOS NORTE,6777,D DIV  RB NOROESTE,7009,NO04 - HERMOSILLO
1189,SUC. CENTENARIO,6777,D DIV  RB NOROESTE,7402,NO01 - TIJUANA
1190,SUC. CASIMIRO CASTILLO,6150,D DIV RB OCCIDENTE,6044,O06 - COLIMA
1198,SUC. CLAVERIA,9934,D DIV RB METRO NORTE,5206,MN06 - LINDAVISTA
1216,SUC. EVORA,6777,D DIV  RB NOROESTE,7218,NO08 - SINALOA NORTE
1234,SUC. KUKULKAN,9610,D DIV RB PENINSULAR,9236,P04 - CANCUN
1243,SUC. NARANJOS,9933,D DIV RB  SUR,8611,S06 - POZA RICA
1431,SUC. SOMBRERETE,9931,D DIV RB CENTRO,6205,C02 - AGS ZAC
1438,SUC. LA FLORESTA,9933,D DIV RB  SUR,5219,S05 - VERACRUZ
1445,SUC. AMORES,4831,D DIV RB METRO SUR,5231,MS03 - FELIX CUEVAS
1454,SUC. FIESTA SAN AGUSTIN,9932,D DIV RB NORTE,8003,N02 - MONTERREY 2
1574,SUC. PLAZA LA MAGDALENA,4831,D DIV RB METRO SUR,5230,MS01 - ALTAVISTA
1592,SUC. CENTRO HISTORICO,9932,D DIV RB  SUR,8619,S09 - TAMPICO-VICTORIA
1599,SUC. ERMITA SINATEL,4831,D DIV RB METRO SUR,5212,MS08 - COYOACAN
1608,SUC. BRUNO PAGLIALI,9933,D DIV RB  SUR,5219,S05 - VERACRUZ
1630,SUC. RITO,6777,D DIV  RB NOROESTE,7075,NO06 - NOGALES
1632,SUC. VALLE VERDE,9932,D DIV RB NORTE,8039,N03 - MONTERREY 3
1634,SUC. MALL SAN PEDRO,9932,D DIV RB NORTE,8003,N02 - MONTERREY 2
1635,SUC. IND. XALOSTOC,9934,D DIV RB METRO NORTE,5209,MN09 - ECATEPEC
1654,SUC. CONGRESO DE LA UNION,9934,D DIV RB METRO NORTE,5224,MN05 - CONDESA ROMA
1661,SUC. PLAZA AMERICANA,6777,D DIV  RB NOROESTE,7402,NO01 - TIJUANA
1664,SUC. EBANO,9932,D DIV RB  SUR,8619,S09 - TAMPICO-VICTORIA
1670,SUC. PLAZA LAUREL,4831,D DIV RB METRO SUR,5814,MS06 - MORELOS
1676,SUC. PENOLES,9932,D DIV RB NORTE,8727,N09 - TORREON
1678,SUC. ARBOLEDAS SAN IGNACIO,9933,D DIV RB  SUR,5223,S02 - PUEBLA
1687,SUC. PLAZA SAN LUCAS,6777,D DIV  RB NOROESTE,7213,NO07 - B.C.S
1689,SUC. SORIANA QUINTANA,9931,D DIV RB CENTRO,6607,C03 - QUERETARO
1690,SUC. SORIANA CORDILLERAS,6150,D DIV RB OCCIDENTE,6135,O01 - GUADALAJARA
1732,SUC. PLAZA DELTA,9931,D DIV RB CENTRO,6609,C04 - GUANAJUATO
1757,SUC. CRUZ DEL SUR,9933,D DIV RB  SUR,5236,S03 - PUEBLA-TLAXCALA
1758,SUC. LOURDES,9932,D DIV RB NORTE,8210,N10 - SALTILLO
1780,SUC. IMSS COZUMEL,9610,D DIV RB PENINSULAR,9236,P04 - CANCUN
1834,SUC. COSAMALOAPAN,9933,D DIV RB  SUR,8471,S04 - XALAPA
1865,SUC. CUAUHTEMOC,9610,D DIV RB PENINSULAR,9308,P05 - PENINSULA
1877,SUC. ANGELES INTERLOMAS,9934,D DIV RB METRO NORTE,5235,MN03 - SANTA FE
1881,SUC. SORIANA AEROPUERTO,9932,D DIV RB  SUR,8619,S09 - TAMPICO-VICTORIA
1884,SUC. CENTRAL DE ABASTOS,9610,D DIV RB PENINSULAR,9236,P04 - CANCUN
1885,SUC. BOSQUE DE MINAS,9934,D DIV RB METRO NORTE,5235,MN03 - SANTA FE
1891,SUC. TULCINGO DEL VALLE,9933,D DIV RB  SUR,5218,S01 - PUEBLA
1892,SUC. TORRES LANDA,9931,D DIV RB CENTRO,6204,C01 - LEON
1894,SUC. LOS LAURELES,9610,D DIV RB PENINSULAR,9105,P03 - CHIAPAS
1895,SUC. CHAPUR,9610,D DIV RB PENINSULAR,9217,P01 - MERIDA
1896,SUC. PODER JUDICIAL FEDERAL,4831,D DIV RB METRO SUR,5230,MS01 - ALTAVISTA
1897,SUC. CIUDAD ADMINISTRATIVA,9933,D DIV RB  SUR,5815,S07 - OAXACA
1898,SUC. HUEJOTZINGO,9933,D DIV RB  SUR,5236,S03 - PUEBLA-TLAXCALA
1901,SUC. TABASCO 2000,9610,D DIV RB PENINSULAR,9000,P02 - TABASCO
1913,SUC. GLORIETA JARDINES,6150,D DIV RB OCCIDENTE,6053,O05 - ALTOS JALISCO
1914,SUC. CARDEL,9933,D DIV RB  SUR,8471,S04 - XALAPA
1915,SUC. OUTLET LERMA,9934,D DIV RB METRO NORTE,5207,MN01 - TOLUCA
1920,SUC. COLIMA,9934,D DIV RB METRO NORTE,5224,MN05 - CONDESA ROMA
1932,SUC. BUCERIAS,6150,D DIV RB OCCIDENTE,6050,O04 -GUADALAJARA
1952,SUC. TOLUCA 2000,9934,D DIV RB METRO NORTE,5207,MN01 - TOLUCA
1959,SUC. GRANADA INTERLOMAS,9934,D DIV RB METRO NORTE,5235,MN03 - SANTA FE
1961,SUC. SEVILLA DEL RIO,6150,D DIV RB OCCIDENTE,6044,O06 - COLIMA
1964,SUC. DEL PARQUE SANTA FE,9934,D DIV RB METRO NORTE,5235,MN03 - SANTA FE
1966,SUC. LA SOLEDAD,9933,D DIV RB  SUR,5815,S07 - OAXACA
1971,SUC. HUIXQUILUCAN,9934,D DIV RB METRO NORTE,5235,MN03 - SANTA FE
1973,SUC. CATAVINA,6777,D DIV  RB NOROESTE,7611,NO03 - MEXICALI
1976,SUC. CHILUCA,9934,D DIV RB METRO NORTE,5205,MN04 - SATELITE
1977,SUC. ZONA PLATEADA PACHUCA,9934,D DIV RB CENTRO,5908,C06 - PACHUCA
1980,SUC. PLAZA PALMAS,9933,D DIV RB  SUR,5218,S01 - PUEBLA
1982,SUC. PLAZA HOLLYWOOD,9610,D DIV RB PENINSULAR,9236,P04 - CANCUN
1987,SUC. DEL VALLE (ZAPATA),6777,D DIV  RB NOROESTE,7103,NO09 - SINALOA SUR
1991,SUC. PARQUE DELTA,4831,D DIV RB METRO SUR,5202,MS02 - CENTRO
1992,SUC. GALERIAS CUERNAVACA,4831,D DIV RB METRO SUR,5814,MS06 - MORELOS
1998,SUC. ASUNCION,9934,D DIV RB METRO NORTE,5207,MN01 - TOLUCA
3002,SUC. PLAZA SATELITE,9934,D DIV RB METRO NORTE,5205,MN04 - SATELITE
3003,SUC. SUDERMAN,9934,D DIV RB METRO NORTE,9764,MN02 - REFORMA
3005,SUC. NIZA,9934,D DIV RB METRO NORTE,5224,MN05 - CONDESA ROMA
3006,SUC. LOMAS PALMAS,9934,D DIV RB METRO NORTE,5235,MN03 - SANTA FE
3009,SUC. GLORIETA VERTIZ,4831,D DIV RB METRO SUR,5202,MS02 - CENTRO
3010,SUC. MANACAR,4831,D DIV RB METRO SUR,5212,MS08 - COYOACAN
3011,SUC. ROMERO DE TERREROS,4831,D DIV RB METRO SUR,5212,MS08 - COYOACAN
3013,SUC. CENTRO COMERCIAL PERISUR,4831,D DIV RB METRO SUR,5214,MS05 - PEDREGAL
3014,SUC. HIDALGO COYOACAN,4831,D DIV RB METRO SUR,5212,MS08 - COYOACAN
3015,SUC. GALERIAS INSURGENTES,4831,D DIV RB METRO SUR,5212,MS08 - COYOACAN
3016,SUC. TORRE ZAFIRO,4831,D DIV RB METRO SUR,5214,MS05 - PEDREGAL
3019,SUC. POLITECNICO,9934,D DIV RB METRO NORTE,5206,MN06 - LINDAVISTA
3020,SUC. MULTIPLAZA ARAGON,9934,D DIV RB METRO NORTE,5209,MN09 - ECATEPEC
3023,SUC. GRANJAS ESMERALDA,4831,D DIV RB METRO SUR,5213,MS09 - IZTAPALAPA
3026,SUC. LOMAS DE TECAMACHALCO,9934,D DIV RB METRO NORTE,5235,MN03 - SANTA FE
3027,SUC. HIDALGO PONIENTE,9934,D DIV RB METRO NORTE,5207,MN01 - TOLUCA
3028,SUC. PASEO TOLLOCAN,9934,D DIV RB METRO NORTE,5207,MN01 - TOLUCA
3031,SUC. LAS ANIMAS,9933,D DIV RB  SUR,8471,S04 - XALAPA
3032,SUC. REFORMA CENTRO,9933,D DIV RB  SUR,5223,S02 - PUEBLA
3042,SUC. CHAMPOTON,9610,D DIV RB PENINSULAR,9308,P05 - PENINSULA
3045,SUC. PLAZA REVOLUCION,6150,D DIV RB OCCIDENTE,6049,O03 - GUADALAJARA
3046,SUC. TERRANOVA,6150,D DIV RB OCCIDENTE,6049,O03 - GUADALAJARA
3048,SUC. PLAZA CAMELINAS,6150,D DIV RB OCCIDENTE,6526,O07 - MORELIA
3051,SUC. PLAZA ARTE,9610,D DIV RB PENINSULAR,9236,P04 - CANCUN
3052,SUC. COLONIA PUERTO JUAREZ,9610,D DIV RB PENINSULAR,9236,P04 - CANCUN
3053,SUC. HOMERO,9934,D DIV RB METRO NORTE,9764,MN02 - REFORMA
3054,SUC. BARRANCA INSURGENTES,4831,D DIV RB METRO SUR,5212,MS08 - COYOACAN
3056,SUC. CALLE SESENTA,9610,D DIV RB PENINSULAR,9308,P05 - PENINSULA
3058,SUC.TECNOPARQUE,9934,D DIV RB METRO NORTE,5206,MN06 - LINDAVISTA
3059,SUC. ZARAGOZA,9932,D DIV RB NORTE,8150,N01 - MONTERREY 1
3060,SUC. CAMPESTRE,9610,D DIV RB PENINSULAR,9217,P01 - MERIDA
3073,SUC. SORIANA TEXCOCO,9934,D DIV RB METRO NORTE,5209,MN09 - ECATEPEC
3074,SUC. SAN ISIDRO,6150,D DIV RB OCCIDENTE,6135,O01 - GUADALAJARA
3078,SUC. CIUDAD DEPORTIVA,9610,D DIV RB PENINSULAR,9000,P02 - TABASCO
3079,SUC. PLAZA RIO,9933,D DIV RB  SUR,5219,S05 - VERACRUZ
3080,SUC. SAMARA,9934,D DIV RB METRO NORTE,5235,MN03 - SANTA FE
3555,SUC. PLAZA LAS AMERICAS,9934,D DIV RB METRO NORTE,5209,MN09 - ECATEPEC
3557,SUC. REFORMA PALMERA,9934,D DIV RB METRO NORTE,9764,MN02 - REFORMA
3558,SUC.PLAZA GALERIAS GUADALAJARA,6150,D DIV RB OCCIDENTE,6135,O01 - GUADALAJARA
3565,SUC. PODER JUDICIAL PUEBLA,9933,D DIV RB  SUR,5218,S01 - PUEBLA
3690,SUC. PLAZA SAN MARCOS,9934,D DIV RB METRO NORTE,5238,MN07 - CUAUTITLAN
3692,SUC. COLINAS,9932,D DIV RB NORTE,8003,N02 - MONTERREY 2
3693,SUC. JURIQUILLA,9931,D DIV RB CENTRO,6607,C03 - QUERETARO
3694,SUC. VIVENDI,9610,D DIV RB PENINSULAR,9236,P04 - CANCUN
3696,SUC. LAS PALMAS,6777,D DIV  RB NOROESTE,7701,NO10 - CHIHUAHUA CENTRO
3702,SUC. LA HERRADURA,9932,D DIV RB  SUR,8619,S09 - TAMPICO-VICTORIA
3706,SUC. LA CUSPIDE,9934,D DIV RB METRO NORTE,5205,MN04 - SATELITE
3708,SUC. VALLE REAL,6150,D DIV RB OCCIDENTE,6049,O03 - GUADALAJARA
3709,SUC. SAN JOSE,6777,D DIV  RB NOROESTE,7213,NO07 - B.C.S
3727,SUC. PLAYA RIVIERA,9610,D DIV RB PENINSULAR,9236,P04 - CANCUN
3729,SUC. CIRCUITO COLONIAS,9610,D DIV RB PENINSULAR,9217,P01 - MERIDA
3737,SUC. PLAZA SENDERO SAN LUIS,9931,D DIV RB CENTRO,6210,C05 - S.L.P
3803,SUC. PLAZA REFORMA,9934,D DIV RB METRO NORTE,9764,MN02 - REFORMA
3804,SUC. ANDARES,6150,D DIV RB OCCIDENTE,6049,O03 - GUADALAJARA
3808,SUC. SAO PAULO,6150,D DIV RB OCCIDENTE,6049,O03 - GUADALAJARA
3809,SUC. SANTA ANITA (JAL),6150,D DIV RB OCCIDENTE,6049,O03 - GUADALAJARA
3816,SUC. INDUSTRIAL NOGALES,6777,D DIV  RB NOROESTE,7075,NO06 - NOGALES
3818,SUC. AJIJIC,6150,D DIV RB OCCIDENTE,6053,O05 - ALTOS JALISCO
3903,SUC. FRANCISCO DE MONTEJO,9610,D DIV RB PENINSULAR,9217,P01 - MERIDA
3917,SUC. ENLACE SORIANA MTY,9932,D DIV RB NORTE,8003,N02 - MONTERREY 2
3939,SUC. TELEVISA SAN ANGEL,4831,D DIV RB METRO SUR,5230,MS01 - ALTAVISTA
3976,TRES RIOS,6777,D DIV  RB NOROESTE,7103,NO09 - SINALOA SUR
3982,PLAZA LAS VILLAS,6150,D DIV RB OCCIDENTE,6049,O03 - GUADALAJARA
6994,SUC. SEGMENTOS REFORMA,9934,D DIV RB METRO NORTE,9764,MN02 - REFORMA
